100101,922345671V,TestManual01,TestManualaddress1,0,714741720,TestManual1@gmail.com,123
100101,922345672V,TestManual02,TestManualaddress2,0,714741721,TestManual2@gmail.com,123
100101,922345673V,TestManual03,TestManualaddress3,0,714741722,TestManual1@gmail.com,123
100101,922345674V,TestManual04,TestManualaddress4,0,714741723,TestManual1@gmail.com,123
100101,922345675V,TestManual05,TestManualaddress5,1,714741724,TestManual1@gmail.com,123
100101,922345676V,TestManual06,TestManualaddress6,1,714741725,TestManual1@gmail.com,123
100101,922345677V,TestManual07,TestManualaddress7,1,714741726,TestManual1@gmail.com,123
100101,922345678V,TestManual08,TestManualaddress8,1,714741727,TestManual1@gmail.com,123
100101,922345679V,TestManual09,TestManualaddress9,1,714741728,TestManual1@gmail.com,123
100101,922345680V,TestManual10,TestManualaddress10,1,714741729,TestManual1@gmail.com,123
